rank,name,year,rating,info_link
1,Planet Earth II,2016,            9.5    ,/title/tt5491994/?pf_rd_m=A2FGELUUNOQJNL&pf_rd_p=2398042182&pf_rd_r=1YHYTH3W3GQQ2JBK6SQ8&pf_rd_s=center-1&pf_rd_t=15506&pf_rd_i=toptv&ref_=chttvtp_tt_1
2,Band of Brothers,2001,            9.5    ,/title/tt0185906/?pf_rd_m=A2FGELUUNOQJNL&pf_rd_p=2398042182&pf_rd_r=1YHYTH3W3GQQ2JBK6SQ8&pf_rd_s=center-1&pf_rd_t=15506&pf_rd_i=toptv&ref_=chttvtp_tt_2
3,Planet Earth,2006,            9.5    ,/title/tt0795176/?pf_rd_m=A2FGELUUNOQJNL&pf_rd_p=2398042182&pf_rd_r=1YHYTH3W3GQQ2JBK6SQ8&pf_rd_s=center-1&pf_rd_t=15506&pf_rd_i=toptv&ref_=chttvtp_tt_3
4,Game of Thrones,2011,            9.4    ,/title/tt0944947/?pf_rd_m=A2FGELUUNOQJNL&pf_rd_p=2398042182&pf_rd_r=1YHYTH3W3GQQ2JBK6SQ8&pf_rd_s=center-1&pf_rd_t=15506&pf_rd_i=toptv&ref_=chttvtp_tt_4
5,Breaking Bad,2008,            9.4    ,/title/tt0903747/?pf_rd_m=A2FGELUUNOQJNL&pf_rd_p=2398042182&pf_rd_r=1YHYTH3W3GQQ2JBK6SQ8&pf_rd_s=center-1&pf_rd_t=15506&pf_rd_i=toptv&ref_=chttvtp_tt_5
6,The Wire,2002,            9.3    ,/title/tt0306414/?pf_rd_m=A2FGELUUNOQJNL&pf_rd_p=2398042182&pf_rd_r=1YHYTH3W3GQQ2JBK6SQ8&pf_rd_s=center-1&pf_rd_t=15506&pf_rd_i=toptv&ref_=chttvtp_tt_6
7,Rick and Morty,2013,            9.3    ,/title/tt2861424/?pf_rd_m=A2FGELUUNOQJNL&pf_rd_p=2398042182&pf_rd_r=1YHYTH3W3GQQ2JBK6SQ8&pf_rd_s=center-1&pf_rd_t=15506&pf_rd_i=toptv&ref_=chttvtp_tt_7
8,Cosmos: A Spacetime Odyssey,2014,            9.3    ,/title/tt2395695/?pf_rd_m=A2FGELUUNOQJNL&pf_rd_p=2398042182&pf_rd_r=1YHYTH3W3GQQ2JBK6SQ8&pf_rd_s=center-1&pf_rd_t=15506&pf_rd_i=toptv&ref_=chttvtp_tt_8
9,Cosmos,1980,            9.2    ,/title/tt0081846/?pf_rd_m=A2FGELUUNOQJNL&pf_rd_p=2398042182&pf_rd_r=1YHYTH3W3GQQ2JBK6SQ8&pf_rd_s=center-1&pf_rd_t=15506&pf_rd_i=toptv&ref_=chttvtp_tt_9
10,The World at War,1973,            9.2    ,/title/tt0071075/?pf_rd_m=A2FGELUUNOQJNL&pf_rd_p=2398042182&pf_rd_r=1YHYTH3W3GQQ2JBK6SQ8&pf_rd_s=center-1&pf_rd_t=15506&pf_rd_i=toptv&ref_=chttvtp_tt_10
11,The Sopranos,1999,            9.2    ,/title/tt0141842/?pf_rd_m=A2FGELUUNOQJNL&pf_rd_p=2398042182&pf_rd_r=1YHYTH3W3GQQ2JBK6SQ8&pf_rd_s=center-1&pf_rd_t=15506&pf_rd_i=toptv&ref_=chttvtp_tt_11
12,Sherlock,2010,            9.1    ,/title/tt1475582/?pf_rd_m=A2FGELUUNOQJNL&pf_rd_p=2398042182&pf_rd_r=1YHYTH3W3GQQ2JBK6SQ8&pf_rd_s=center-1&pf_rd_t=15506&pf_rd_i=toptv&ref_=chttvtp_tt_12
13,Life,2009,            9.1    ,/title/tt1533395/?pf_rd_m=A2FGELUUNOQJNL&pf_rd_p=2398042182&pf_rd_r=1YHYTH3W3GQQ2JBK6SQ8&pf_rd_s=center-1&pf_rd_t=15506&pf_rd_i=toptv&ref_=chttvtp_tt_13
14,Avatar: The Last Airbender,2005,            9.1    ,/title/tt0417299/?pf_rd_m=A2FGELUUNOQJNL&pf_rd_p=2398042182&pf_rd_r=1YHYTH3W3GQQ2JBK6SQ8&pf_rd_s=center-1&pf_rd_t=15506&pf_rd_i=toptv&ref_=chttvtp_tt_14
15,The Civil War,1990,            9.1    ,/title/tt0098769/?pf_rd_m=A2FGELUUNOQJNL&pf_rd_p=2398042182&pf_rd_r=1YHYTH3W3GQQ2JBK6SQ8&pf_rd_s=center-1&pf_rd_t=15506&pf_rd_i=toptv&ref_=chttvtp_tt_15
16,Human Planet,2011,            9.0    ,/title/tt1806234/?pf_rd_m=A2FGELUUNOQJNL&pf_rd_p=2398042182&pf_rd_r=1YHYTH3W3GQQ2JBK6SQ8&pf_rd_s=center-1&pf_rd_t=15506&pf_rd_i=toptv&ref_=chttvtp_tt_16
17,The Twilight Zone,1959,            9.0    ,/title/tt0052520/?pf_rd_m=A2FGELUUNOQJNL&pf_rd_p=2398042182&pf_rd_r=1YHYTH3W3GQQ2JBK6SQ8&pf_rd_s=center-1&pf_rd_t=15506&pf_rd_i=toptv&ref_=chttvtp_tt_17
18,Dekalog,1989,            9.0    ,/title/tt0092337/?pf_rd_m=A2FGELUUNOQJNL&pf_rd_p=2398042182&pf_rd_r=1YHYTH3W3GQQ2JBK6SQ8&pf_rd_s=center-1&pf_rd_t=15506&pf_rd_i=toptv&ref_=chttvtp_tt_18
19,Firefly,2002,            9.0    ,/title/tt0303461/?pf_rd_m=A2FGELUUNOQJNL&pf_rd_p=2398042182&pf_rd_r=1YHYTH3W3GQQ2JBK6SQ8&pf_rd_s=center-1&pf_rd_t=15506&pf_rd_i=toptv&ref_=chttvtp_tt_19
20,Last Week Tonight with John Oliver,2014,            9.0    ,/title/tt3530232/?pf_rd_m=A2FGELUUNOQJNL&pf_rd_p=2398042182&pf_rd_r=1YHYTH3W3GQQ2JBK6SQ8&pf_rd_s=center-1&pf_rd_t=15506&pf_rd_i=toptv&ref_=chttvtp_tt_20
21,True Detective,2014,            9.0    ,/title/tt2356777/?pf_rd_m=A2FGELUUNOQJNL&pf_rd_p=2398042182&pf_rd_r=1YHYTH3W3GQQ2JBK6SQ8&pf_rd_s=center-1&pf_rd_t=15506&pf_rd_i=toptv&ref_=chttvtp_tt_21
22,Hagane no renkinjutsushi,2009,            9.0    ,/title/tt1355642/?pf_rd_m=A2FGELUUNOQJNL&pf_rd_p=2398042182&pf_rd_r=1YHYTH3W3GQQ2JBK6SQ8&pf_rd_s=center-1&pf_rd_t=15506&pf_rd_i=toptv&ref_=chttvtp_tt_22
23,Fargo,2014,            9.0    ,/title/tt2802850/?pf_rd_m=A2FGELUUNOQJNL&pf_rd_p=2398042182&pf_rd_r=1YHYTH3W3GQQ2JBK6SQ8&pf_rd_s=center-1&pf_rd_t=15506&pf_rd_i=toptv&ref_=chttvtp_tt_23
24,Batman: The Animated Series,1992,            8.9    ,/title/tt0103359/?pf_rd_m=A2FGELUUNOQJNL&pf_rd_p=2398042182&pf_rd_r=1YHYTH3W3GQQ2JBK6SQ8&pf_rd_s=center-1&pf_rd_t=15506&pf_rd_i=toptv&ref_=chttvtp_tt_24
25,Death Note: Desu nôto,2006,            8.9    ,/title/tt0877057/?pf_rd_m=A2FGELUUNOQJNL&pf_rd_p=2398042182&pf_rd_r=1YHYTH3W3GQQ2JBK6SQ8&pf_rd_s=center-1&pf_rd_t=15506&pf_rd_i=toptv&ref_=chttvtp_tt_25
26,One Punch Man: Wanpanman,2015,            8.9    ,/title/tt4508902/?pf_rd_m=A2FGELUUNOQJNL&pf_rd_p=2398042182&pf_rd_r=1YHYTH3W3GQQ2JBK6SQ8&pf_rd_s=center-1&pf_rd_t=15506&pf_rd_i=toptv&ref_=chttvtp_tt_26
27,The Blue Planet,2001,            8.9    ,/title/tt0296310/?pf_rd_m=A2FGELUUNOQJNL&pf_rd_p=2398042182&pf_rd_r=1YHYTH3W3GQQ2JBK6SQ8&pf_rd_s=center-1&pf_rd_t=15506&pf_rd_i=toptv&ref_=chttvtp_tt_27
28,Westworld,2016,            8.9    ,/title/tt0475784/?pf_rd_m=A2FGELUUNOQJNL&pf_rd_p=2398042182&pf_rd_r=1YHYTH3W3GQQ2JBK6SQ8&pf_rd_s=center-1&pf_rd_t=15506&pf_rd_i=toptv&ref_=chttvtp_tt_28
29,Frozen Planet,2011,            8.9    ,/title/tt2092588/?pf_rd_m=A2FGELUUNOQJNL&pf_rd_p=2398042182&pf_rd_r=1YHYTH3W3GQQ2JBK6SQ8&pf_rd_s=center-1&pf_rd_t=15506&pf_rd_i=toptv&ref_=chttvtp_tt_29
30,Monty Python's Flying Circus,1969,            8.9    ,/title/tt0063929/?pf_rd_m=A2FGELUUNOQJNL&pf_rd_p=2398042182&pf_rd_r=1YHYTH3W3GQQ2JBK6SQ8&pf_rd_s=center-1&pf_rd_t=15506&pf_rd_i=toptv&ref_=chttvtp_tt_30
31,Kaubôi bibappu,1998,            8.9    ,/title/tt0213338/?pf_rd_m=A2FGELUUNOQJNL&pf_rd_p=2398042182&pf_rd_r=1YHYTH3W3GQQ2JBK6SQ8&pf_rd_s=center-1&pf_rd_t=15506&pf_rd_i=toptv&ref_=chttvtp_tt_31
32,House of Cards,2013,            8.9    ,/title/tt1856010/?pf_rd_m=A2FGELUUNOQJNL&pf_rd_p=2398042182&pf_rd_r=1YHYTH3W3GQQ2JBK6SQ8&pf_rd_s=center-1&pf_rd_t=15506&pf_rd_i=toptv&ref_=chttvtp_tt_32
33,Das Boot,1985,            8.9    ,/title/tt0081834/?pf_rd_m=A2FGELUUNOQJNL&pf_rd_p=2398042182&pf_rd_r=1YHYTH3W3GQQ2JBK6SQ8&pf_rd_s=center-1&pf_rd_t=15506&pf_rd_i=toptv&ref_=chttvtp_tt_33
34,Pride and Prejudice,1995,            8.9    ,/title/tt0112130/?pf_rd_m=A2FGELUUNOQJNL&pf_rd_p=2398042182&pf_rd_r=1YHYTH3W3GQQ2JBK6SQ8&pf_rd_s=center-1&pf_rd_t=15506&pf_rd_i=toptv&ref_=chttvtp_tt_34
35,Africa,2013,            8.9    ,/title/tt2571774/?pf_rd_m=A2FGELUUNOQJNL&pf_rd_p=2398042182&pf_rd_r=1YHYTH3W3GQQ2JBK6SQ8&pf_rd_s=center-1&pf_rd_t=15506&pf_rd_i=toptv&ref_=chttvtp_tt_35
36,Arrested Development,2003,            8.9    ,/title/tt0367279/?pf_rd_m=A2FGELUUNOQJNL&pf_rd_p=2398042182&pf_rd_r=1YHYTH3W3GQQ2JBK6SQ8&pf_rd_s=center-1&pf_rd_t=15506&pf_rd_i=toptv&ref_=chttvtp_tt_36
37,TVF Pitchers,2015,            8.9    ,/title/tt4742876/?pf_rd_m=A2FGELUUNOQJNL&pf_rd_p=2398042182&pf_rd_r=1YHYTH3W3GQQ2JBK6SQ8&pf_rd_s=center-1&pf_rd_t=15506&pf_rd_i=toptv&ref_=chttvtp_tt_37
38,Stranger Things,2016,            8.9    ,/title/tt4574334/?pf_rd_m=A2FGELUUNOQJNL&pf_rd_p=2398042182&pf_rd_r=1YHYTH3W3GQQ2JBK6SQ8&pf_rd_s=center-1&pf_rd_t=15506&pf_rd_i=toptv&ref_=chttvtp_tt_38
39,Black Mirror,2011,            8.9    ,/title/tt2085059/?pf_rd_m=A2FGELUUNOQJNL&pf_rd_p=2398042182&pf_rd_r=1YHYTH3W3GQQ2JBK6SQ8&pf_rd_s=center-1&pf_rd_t=15506&pf_rd_i=toptv&ref_=chttvtp_tt_39
40,Friends,1994,            8.9    ,/title/tt0108778/?pf_rd_m=A2FGELUUNOQJNL&pf_rd_p=2398042182&pf_rd_r=1YHYTH3W3GQQ2JBK6SQ8&pf_rd_s=center-1&pf_rd_t=15506&pf_rd_i=toptv&ref_=chttvtp_tt_40
41,Seinfeld,1989,            8.9    ,/title/tt0098904/?pf_rd_m=A2FGELUUNOQJNL&pf_rd_p=2398042182&pf_rd_r=1YHYTH3W3GQQ2JBK6SQ8&pf_rd_s=center-1&pf_rd_t=15506&pf_rd_i=toptv&ref_=chttvtp_tt_41
42,Only Fools and Horses....,1981,            8.9    ,/title/tt0081912/?pf_rd_m=A2FGELUUNOQJNL&pf_rd_p=2398042182&pf_rd_r=1YHYTH3W3GQQ2JBK6SQ8&pf_rd_s=center-1&pf_rd_t=15506&pf_rd_i=toptv&ref_=chttvtp_tt_42
43,Over the Garden Wall,2014,            8.8    ,/title/tt3718778/?pf_rd_m=A2FGELUUNOQJNL&pf_rd_p=2398042182&pf_rd_r=1YHYTH3W3GQQ2JBK6SQ8&pf_rd_s=center-1&pf_rd_t=15506&pf_rd_i=toptv&ref_=chttvtp_tt_43
44,Twin Peaks,1990,            8.8    ,/title/tt0098936/?pf_rd_m=A2FGELUUNOQJNL&pf_rd_p=2398042182&pf_rd_r=1YHYTH3W3GQQ2JBK6SQ8&pf_rd_s=center-1&pf_rd_t=15506&pf_rd_i=toptv&ref_=chttvtp_tt_44
45,Narcos,2015,            8.8    ,/title/tt2707408/?pf_rd_m=A2FGELUUNOQJNL&pf_rd_p=2398042182&pf_rd_r=1YHYTH3W3GQQ2JBK6SQ8&pf_rd_s=center-1&pf_rd_t=15506&pf_rd_i=toptv&ref_=chttvtp_tt_45
46,"I, Claudius",1976,            8.8    ,/title/tt0074006/?pf_rd_m=A2FGELUUNOQJNL&pf_rd_p=2398042182&pf_rd_r=1YHYTH3W3GQQ2JBK6SQ8&pf_rd_s=center-1&pf_rd_t=15506&pf_rd_i=toptv&ref_=chttvtp_tt_46
47,Freaks and Geeks,1999,            8.8    ,/title/tt0193676/?pf_rd_m=A2FGELUUNOQJNL&pf_rd_p=2398042182&pf_rd_r=1YHYTH3W3GQQ2JBK6SQ8&pf_rd_s=center-1&pf_rd_t=15506&pf_rd_i=toptv&ref_=chttvtp_tt_47
48,Sarabhai vs Sarabhai,2004,            8.8    ,/title/tt1518542/?pf_rd_m=A2FGELUUNOQJNL&pf_rd_p=2398042182&pf_rd_r=1YHYTH3W3GQQ2JBK6SQ8&pf_rd_s=center-1&pf_rd_t=15506&pf_rd_i=toptv&ref_=chttvtp_tt_48
49,Gravity Falls,2012,            8.8    ,/title/tt1865718/?pf_rd_m=A2FGELUUNOQJNL&pf_rd_p=2398042182&pf_rd_r=1YHYTH3W3GQQ2JBK6SQ8&pf_rd_s=center-1&pf_rd_t=15506&pf_rd_i=toptv&ref_=chttvtp_tt_49
50,Blackadder Goes Forth,1989,            8.8    ,/title/tt0096548/?pf_rd_m=A2FGELUUNOQJNL&pf_rd_p=2398042182&pf_rd_r=1YHYTH3W3GQQ2JBK6SQ8&pf_rd_s=center-1&pf_rd_t=15506&pf_rd_i=toptv&ref_=chttvtp_tt_50
51,Fawlty Towers,1975,            8.8    ,/title/tt0072500/?pf_rd_m=A2FGELUUNOQJNL&pf_rd_p=2398042182&pf_rd_r=1YHYTH3W3GQQ2JBK6SQ8&pf_rd_s=center-1&pf_rd_t=15506&pf_rd_i=toptv&ref_=chttvtp_tt_51
52,Rome,2005,            8.8    ,/title/tt0384766/?pf_rd_m=A2FGELUUNOQJNL&pf_rd_p=2398042182&pf_rd_r=1YHYTH3W3GQQ2JBK6SQ8&pf_rd_s=center-1&pf_rd_t=15506&pf_rd_i=toptv&ref_=chttvtp_tt_52
53,Oz,1997,            8.8    ,/title/tt0118421/?pf_rd_m=A2FGELUUNOQJNL&pf_rd_p=2398042182&pf_rd_r=1YHYTH3W3GQQ2JBK6SQ8&pf_rd_s=center-1&pf_rd_t=15506&pf_rd_i=toptv&ref_=chttvtp_tt_53
54,The Simpsons,1989,            8.7    ,/title/tt0096697/?pf_rd_m=A2FGELUUNOQJNL&pf_rd_p=2398042182&pf_rd_r=1YHYTH3W3GQQ2JBK6SQ8&pf_rd_s=center-1&pf_rd_t=15506&pf_rd_i=toptv&ref_=chttvtp_tt_54
55,The Office,2005,            8.7    ,/title/tt0386676/?pf_rd_m=A2FGELUUNOQJNL&pf_rd_p=2398042182&pf_rd_r=1YHYTH3W3GQQ2JBK6SQ8&pf_rd_s=center-1&pf_rd_t=15506&pf_rd_i=toptv&ref_=chttvtp_tt_55
56,South Park,1997,            8.7    ,/title/tt0121955/?pf_rd_m=A2FGELUUNOQJNL&pf_rd_p=2398042182&pf_rd_r=1YHYTH3W3GQQ2JBK6SQ8&pf_rd_s=center-1&pf_rd_t=15506&pf_rd_i=toptv&ref_=chttvtp_tt_56
57,Shingeki no kyojin,2013,            8.7    ,/title/tt2560140/?pf_rd_m=A2FGELUUNOQJNL&pf_rd_p=2398042182&pf_rd_r=1YHYTH3W3GQQ2JBK6SQ8&pf_rd_s=center-1&pf_rd_t=15506&pf_rd_i=toptv&ref_=chttvtp_tt_57
58,It's Always Sunny in Philadelphia,2005,            8.7    ,/title/tt0472954/?pf_rd_m=A2FGELUUNOQJNL&pf_rd_p=2398042182&pf_rd_r=1YHYTH3W3GQQ2JBK6SQ8&pf_rd_s=center-1&pf_rd_t=15506&pf_rd_i=toptv&ref_=chttvtp_tt_58
59,The Jinx: The Life and Deaths of Robert Durst,2015,            8.7    ,/title/tt4299972/?pf_rd_m=A2FGELUUNOQJNL&pf_rd_p=2398042182&pf_rd_r=1YHYTH3W3GQQ2JBK6SQ8&pf_rd_s=center-1&pf_rd_t=15506&pf_rd_i=toptv&ref_=chttvtp_tt_59
60,House M.D.,2004,            8.7    ,/title/tt0412142/?pf_rd_m=A2FGELUUNOQJNL&pf_rd_p=2398042182&pf_rd_r=1YHYTH3W3GQQ2JBK6SQ8&pf_rd_s=center-1&pf_rd_t=15506&pf_rd_i=toptv&ref_=chttvtp_tt_60
61,The Return of Sherlock Holmes,1986,            8.7    ,/title/tt0090509/?pf_rd_m=A2FGELUUNOQJNL&pf_rd_p=2398042182&pf_rd_r=1YHYTH3W3GQQ2JBK6SQ8&pf_rd_s=center-1&pf_rd_t=15506&pf_rd_i=toptv&ref_=chttvtp_tt_61
62,Peaky Blinders,2013,            8.7    ,/title/tt2442560/?pf_rd_m=A2FGELUUNOQJNL&pf_rd_p=2398042182&pf_rd_r=1YHYTH3W3GQQ2JBK6SQ8&pf_rd_s=center-1&pf_rd_t=15506&pf_rd_i=toptv&ref_=chttvtp_tt_62
63,The West Wing,1999,            8.7    ,/title/tt0200276/?pf_rd_m=A2FGELUUNOQJNL&pf_rd_p=2398042182&pf_rd_r=1YHYTH3W3GQQ2JBK6SQ8&pf_rd_s=center-1&pf_rd_t=15506&pf_rd_i=toptv&ref_=chttvtp_tt_63
64,The Untold History of the United States,2012,            8.7    ,/title/tt1494191/?pf_rd_m=A2FGELUUNOQJNL&pf_rd_p=2398042182&pf_rd_r=1YHYTH3W3GQQ2JBK6SQ8&pf_rd_s=center-1&pf_rd_t=15506&pf_rd_i=toptv&ref_=chttvtp_tt_64
65,The Adventures of Sherlock Holmes,1984,            8.7    ,/title/tt0086661/?pf_rd_m=A2FGELUUNOQJNL&pf_rd_p=2398042182&pf_rd_r=1YHYTH3W3GQQ2JBK6SQ8&pf_rd_s=center-1&pf_rd_t=15506&pf_rd_i=toptv&ref_=chttvtp_tt_65
66,Dragon Ball Z,1996,            8.7    ,/title/tt0214341/?pf_rd_m=A2FGELUUNOQJNL&pf_rd_p=2398042182&pf_rd_r=1YHYTH3W3GQQ2JBK6SQ8&pf_rd_s=center-1&pf_rd_t=15506&pf_rd_i=toptv&ref_=chttvtp_tt_66
67,Chappelle's Show,2003,            8.7    ,/title/tt0353049/?pf_rd_m=A2FGELUUNOQJNL&pf_rd_p=2398042182&pf_rd_r=1YHYTH3W3GQQ2JBK6SQ8&pf_rd_s=center-1&pf_rd_t=15506&pf_rd_i=toptv&ref_=chttvtp_tt_67
68,Six Feet Under,2001,            8.7    ,/title/tt0248654/?pf_rd_m=A2FGELUUNOQJNL&pf_rd_p=2398042182&pf_rd_r=1YHYTH3W3GQQ2JBK6SQ8&pf_rd_s=center-1&pf_rd_t=15506&pf_rd_i=toptv&ref_=chttvtp_tt_68
69,Steins;Gate,2011,            8.7    ,/title/tt1910272/?pf_rd_m=A2FGELUUNOQJNL&pf_rd_p=2398042182&pf_rd_r=1YHYTH3W3GQQ2JBK6SQ8&pf_rd_s=center-1&pf_rd_t=15506&pf_rd_i=toptv&ref_=chttvtp_tt_69
70,Dragon Ball Z: Doragon bôru zetto,1989,            8.7    ,/title/tt0121220/?pf_rd_m=A2FGELUUNOQJNL&pf_rd_p=2398042182&pf_rd_r=1YHYTH3W3GQQ2JBK6SQ8&pf_rd_s=center-1&pf_rd_t=15506&pf_rd_i=toptv&ref_=chttvtp_tt_70
71,Lonesome Dove,1989,            8.7    ,/title/tt0096639/?pf_rd_m=A2FGELUUNOQJNL&pf_rd_p=2398042182&pf_rd_r=1YHYTH3W3GQQ2JBK6SQ8&pf_rd_s=center-1&pf_rd_t=15506&pf_rd_i=toptv&ref_=chttvtp_tt_71
72,Archer,2009,            8.7    ,/title/tt1486217/?pf_rd_m=A2FGELUUNOQJNL&pf_rd_p=2398042182&pf_rd_r=1YHYTH3W3GQQ2JBK6SQ8&pf_rd_s=center-1&pf_rd_t=15506&pf_rd_i=toptv&ref_=chttvtp_tt_72
73,From the Earth to the Moon,1998,            8.7    ,/title/tt0120570/?pf_rd_m=A2FGELUUNOQJNL&pf_rd_p=2398042182&pf_rd_r=1YHYTH3W3GQQ2JBK6SQ8&pf_rd_s=center-1&pf_rd_t=15506&pf_rd_i=toptv&ref_=chttvtp_tt_73
74,Top Gear,2002,            8.7    ,/title/tt1628033/?pf_rd_m=A2FGELUUNOQJNL&pf_rd_p=2398042182&pf_rd_r=1YHYTH3W3GQQ2JBK6SQ8&pf_rd_s=center-1&pf_rd_t=15506&pf_rd_i=toptv&ref_=chttvtp_tt_74
75,Deadwood,2004,            8.7    ,/title/tt0348914/?pf_rd_m=A2FGELUUNOQJNL&pf_rd_p=2398042182&pf_rd_r=1YHYTH3W3GQQ2JBK6SQ8&pf_rd_s=center-1&pf_rd_t=15506&pf_rd_i=toptv&ref_=chttvtp_tt_75
76,Making a Murderer,2015,            8.7    ,/title/tt5189670/?pf_rd_m=A2FGELUUNOQJNL&pf_rd_p=2398042182&pf_rd_r=1YHYTH3W3GQQ2JBK6SQ8&pf_rd_s=center-1&pf_rd_t=15506&pf_rd_i=toptv&ref_=chttvtp_tt_76
77,The Grand Tour,2016,            8.7    ,/title/tt5712554/?pf_rd_m=A2FGELUUNOQJNL&pf_rd_p=2398042182&pf_rd_r=1YHYTH3W3GQQ2JBK6SQ8&pf_rd_s=center-1&pf_rd_t=15506&pf_rd_i=toptv&ref_=chttvtp_tt_77
78,The Thick of It,2005,            8.7    ,/title/tt0459159/?pf_rd_m=A2FGELUUNOQJNL&pf_rd_p=2398042182&pf_rd_r=1YHYTH3W3GQQ2JBK6SQ8&pf_rd_s=center-1&pf_rd_t=15506&pf_rd_i=toptv&ref_=chttvtp_tt_78
79,This Is Us,2016,            8.7    ,/title/tt5555260/?pf_rd_m=A2FGELUUNOQJNL&pf_rd_p=2398042182&pf_rd_r=1YHYTH3W3GQQ2JBK6SQ8&pf_rd_s=center-1&pf_rd_t=15506&pf_rd_i=toptv&ref_=chttvtp_tt_79
80,Battlestar Galactica,2004,            8.7    ,/title/tt0407362/?pf_rd_m=A2FGELUUNOQJNL&pf_rd_p=2398042182&pf_rd_r=1YHYTH3W3GQQ2JBK6SQ8&pf_rd_s=center-1&pf_rd_t=15506&pf_rd_i=toptv&ref_=chttvtp_tt_80
81,Better Call Saul,2015,            8.7    ,/title/tt3032476/?pf_rd_m=A2FGELUUNOQJNL&pf_rd_p=2398042182&pf_rd_r=1YHYTH3W3GQQ2JBK6SQ8&pf_rd_s=center-1&pf_rd_t=15506&pf_rd_i=toptv&ref_=chttvtp_tt_81
82,Curb Your Enthusiasm,2000,            8.7    ,/title/tt0264235/?pf_rd_m=A2FGELUUNOQJNL&pf_rd_p=2398042182&pf_rd_r=1YHYTH3W3GQQ2JBK6SQ8&pf_rd_s=center-1&pf_rd_t=15506&pf_rd_i=toptv&ref_=chttvtp_tt_82
83,Long Way Round,2004,            8.7    ,/title/tt0403778/?pf_rd_m=A2FGELUUNOQJNL&pf_rd_p=2398042182&pf_rd_r=1YHYTH3W3GQQ2JBK6SQ8&pf_rd_s=center-1&pf_rd_t=15506&pf_rd_i=toptv&ref_=chttvtp_tt_83
84,The Crown,2016,            8.7    ,/title/tt4786824/?pf_rd_m=A2FGELUUNOQJNL&pf_rd_p=2398042182&pf_rd_r=1YHYTH3W3GQQ2JBK6SQ8&pf_rd_s=center-1&pf_rd_t=15506&pf_rd_i=toptv&ref_=chttvtp_tt_84
85,Dexter,2006,            8.7    ,/title/tt0773262/?pf_rd_m=A2FGELUUNOQJNL&pf_rd_p=2398042182&pf_rd_r=1YHYTH3W3GQQ2JBK6SQ8&pf_rd_s=center-1&pf_rd_t=15506&pf_rd_i=toptv&ref_=chttvtp_tt_85
86,North & South,2004,            8.7    ,/title/tt0417349/?pf_rd_m=A2FGELUUNOQJNL&pf_rd_p=2398042182&pf_rd_r=1YHYTH3W3GQQ2JBK6SQ8&pf_rd_s=center-1&pf_rd_t=15506&pf_rd_i=toptv&ref_=chttvtp_tt_86
87,Skam,2015,            8.7    ,/title/tt5288312/?pf_rd_m=A2FGELUUNOQJNL&pf_rd_p=2398042182&pf_rd_r=1YHYTH3W3GQQ2JBK6SQ8&pf_rd_s=center-1&pf_rd_t=15506&pf_rd_i=toptv&ref_=chttvtp_tt_87
88,Daredevil,2015,            8.7    ,/title/tt3322312/?pf_rd_m=A2FGELUUNOQJNL&pf_rd_p=2398042182&pf_rd_r=1YHYTH3W3GQQ2JBK6SQ8&pf_rd_s=center-1&pf_rd_t=15506&pf_rd_i=toptv&ref_=chttvtp_tt_88
89,Nathan for You,2013,            8.7    ,/title/tt2297757/?pf_rd_m=A2FGELUUNOQJNL&pf_rd_p=2398042182&pf_rd_r=1YHYTH3W3GQQ2JBK6SQ8&pf_rd_s=center-1&pf_rd_t=15506&pf_rd_i=toptv&ref_=chttvtp_tt_89
90,The X Files,1993,            8.7    ,/title/tt0106179/?pf_rd_m=A2FGELUUNOQJNL&pf_rd_p=2398042182&pf_rd_r=1YHYTH3W3GQQ2JBK6SQ8&pf_rd_s=center-1&pf_rd_t=15506&pf_rd_i=toptv&ref_=chttvtp_tt_90
91,The Shield,2002,            8.6    ,/title/tt0286486/?pf_rd_m=A2FGELUUNOQJNL&pf_rd_p=2398042182&pf_rd_r=1YHYTH3W3GQQ2JBK6SQ8&pf_rd_s=center-1&pf_rd_t=15506&pf_rd_i=toptv&ref_=chttvtp_tt_91
92,Black-Adder II,1986,            8.6    ,/title/tt0088484/?pf_rd_m=A2FGELUUNOQJNL&pf_rd_p=2398042182&pf_rd_r=1YHYTH3W3GQQ2JBK6SQ8&pf_rd_s=center-1&pf_rd_t=15506&pf_rd_i=toptv&ref_=chttvtp_tt_92
93,Horace and Pete,2016,            8.6    ,/title/tt5425186/?pf_rd_m=A2FGELUUNOQJNL&pf_rd_p=2398042182&pf_rd_r=1YHYTH3W3GQQ2JBK6SQ8&pf_rd_s=center-1&pf_rd_t=15506&pf_rd_i=toptv&ref_=chttvtp_tt_93
94,Mystery Science Theater 3000,1988,            8.6    ,/title/tt0094517/?pf_rd_m=A2FGELUUNOQJNL&pf_rd_p=2398042182&pf_rd_r=1YHYTH3W3GQQ2JBK6SQ8&pf_rd_s=center-1&pf_rd_t=15506&pf_rd_i=toptv&ref_=chttvtp_tt_94
95,Doctor Who,2005,            8.6    ,/title/tt0436992/?pf_rd_m=A2FGELUUNOQJNL&pf_rd_p=2398042182&pf_rd_r=1YHYTH3W3GQQ2JBK6SQ8&pf_rd_s=center-1&pf_rd_t=15506&pf_rd_i=toptv&ref_=chttvtp_tt_95
96,Shameless,2011,            8.6    ,/title/tt1586680/?pf_rd_m=A2FGELUUNOQJNL&pf_rd_p=2398042182&pf_rd_r=1YHYTH3W3GQQ2JBK6SQ8&pf_rd_s=center-1&pf_rd_t=15506&pf_rd_i=toptv&ref_=chttvtp_tt_96
97,Black Adder the Third,1987,            8.6    ,/title/tt0092324/?pf_rd_m=A2FGELUUNOQJNL&pf_rd_p=2398042182&pf_rd_r=1YHYTH3W3GQQ2JBK6SQ8&pf_rd_s=center-1&pf_rd_t=15506&pf_rd_i=toptv&ref_=chttvtp_tt_97
98,Kôdo giasu: Hangyaku no rurûshu,2006,            8.6    ,/title/tt0994314/?pf_rd_m=A2FGELUUNOQJNL&pf_rd_p=2398042182&pf_rd_r=1YHYTH3W3GQQ2JBK6SQ8&pf_rd_s=center-1&pf_rd_t=15506&pf_rd_i=toptv&ref_=chttvtp_tt_98
99,Downton Abbey,2010,            8.6    ,/title/tt1606375/?pf_rd_m=A2FGELUUNOQJNL&pf_rd_p=2398042182&pf_rd_r=1YHYTH3W3GQQ2JBK6SQ8&pf_rd_s=center-1&pf_rd_t=15506&pf_rd_i=toptv&ref_=chttvtp_tt_99
100,Rurouni Kenshin: Meiji Kenkaku Romantan: Tsuioku Hen,1999,            8.6    ,/title/tt0203082/?pf_rd_m=A2FGELUUNOQJNL&pf_rd_p=2398042182&pf_rd_r=1YHYTH3W3GQQ2JBK6SQ8&pf_rd_s=center-1&pf_rd_t=15506&pf_rd_i=toptv&ref_=chttvtp_tt_100
101,Kenpû denki beruseruku,1997,            8.6    ,/title/tt0318871/?pf_rd_m=A2FGELUUNOQJNL&pf_rd_p=2398042182&pf_rd_r=1YHYTH3W3GQQ2JBK6SQ8&pf_rd_s=center-1&pf_rd_t=15506&pf_rd_i=toptv&ref_=chttvtp_tt_101
102,Hunter x Hunter,2011,            8.6    ,/title/tt2098220/?pf_rd_m=A2FGELUUNOQJNL&pf_rd_p=2398042182&pf_rd_r=1YHYTH3W3GQQ2JBK6SQ8&pf_rd_s=center-1&pf_rd_t=15506&pf_rd_i=toptv&ref_=chttvtp_tt_102
103,Spaced,1999,            8.6    ,/title/tt0187664/?pf_rd_m=A2FGELUUNOQJNL&pf_rd_p=2398042182&pf_rd_r=1YHYTH3W3GQQ2JBK6SQ8&pf_rd_s=center-1&pf_rd_t=15506&pf_rd_i=toptv&ref_=chttvtp_tt_103
104,QI,2003,            8.6    ,/title/tt0380136/?pf_rd_m=A2FGELUUNOQJNL&pf_rd_p=2398042182&pf_rd_r=1YHYTH3W3GQQ2JBK6SQ8&pf_rd_s=center-1&pf_rd_t=15506&pf_rd_i=toptv&ref_=chttvtp_tt_104
105,Through the Wormhole,2010,            8.6    ,/title/tt1513168/?pf_rd_m=A2FGELUUNOQJNL&pf_rd_p=2398042182&pf_rd_r=1YHYTH3W3GQQ2JBK6SQ8&pf_rd_s=center-1&pf_rd_t=15506&pf_rd_i=toptv&ref_=chttvtp_tt_105
106,Brass Eye,1997,            8.6    ,/title/tt0118273/?pf_rd_m=A2FGELUUNOQJNL&pf_rd_p=2398042182&pf_rd_r=1YHYTH3W3GQQ2JBK6SQ8&pf_rd_s=center-1&pf_rd_t=15506&pf_rd_i=toptv&ref_=chttvtp_tt_106
107,Hagane no renkinjutsushi,2003,            8.6    ,/title/tt0421357/?pf_rd_m=A2FGELUUNOQJNL&pf_rd_p=2398042182&pf_rd_r=1YHYTH3W3GQQ2JBK6SQ8&pf_rd_s=center-1&pf_rd_t=15506&pf_rd_i=toptv&ref_=chttvtp_tt_107
108,Young Justice,2010,            8.6    ,/title/tt1641384/?pf_rd_m=A2FGELUUNOQJNL&pf_rd_p=2398042182&pf_rd_r=1YHYTH3W3GQQ2JBK6SQ8&pf_rd_s=center-1&pf_rd_t=15506&pf_rd_i=toptv&ref_=chttvtp_tt_108
109,Battlestar Galactica,2003,            8.6    ,/title/tt0314979/?pf_rd_m=A2FGELUUNOQJNL&pf_rd_p=2398042182&pf_rd_r=1YHYTH3W3GQQ2JBK6SQ8&pf_rd_s=center-1&pf_rd_t=15506&pf_rd_i=toptv&ref_=chttvtp_tt_109
110,Star Trek: The Next Generation,1987,            8.6    ,/title/tt0092455/?pf_rd_m=A2FGELUUNOQJNL&pf_rd_p=2398042182&pf_rd_r=1YHYTH3W3GQQ2JBK6SQ8&pf_rd_s=center-1&pf_rd_t=15506&pf_rd_i=toptv&ref_=chttvtp_tt_110
111,Parks and Recreation,2009,            8.6    ,/title/tt1266020/?pf_rd_m=A2FGELUUNOQJNL&pf_rd_p=2398042182&pf_rd_r=1YHYTH3W3GQQ2JBK6SQ8&pf_rd_s=center-1&pf_rd_t=15506&pf_rd_i=toptv&ref_=chttvtp_tt_111
112,Monster,2004,            8.6    ,/title/tt0434706/?pf_rd_m=A2FGELUUNOQJNL&pf_rd_p=2398042182&pf_rd_r=1YHYTH3W3GQQ2JBK6SQ8&pf_rd_s=center-1&pf_rd_t=15506&pf_rd_i=toptv&ref_=chttvtp_tt_112
113,Chef's Table,2015,            8.6    ,/title/tt4295140/?pf_rd_m=A2FGELUUNOQJNL&pf_rd_p=2398042182&pf_rd_r=1YHYTH3W3GQQ2JBK6SQ8&pf_rd_s=center-1&pf_rd_t=15506&pf_rd_i=toptv&ref_=chttvtp_tt_113
114,The Daily Show,1996,            8.6    ,/title/tt0115147/?pf_rd_m=A2FGELUUNOQJNL&pf_rd_p=2398042182&pf_rd_r=1YHYTH3W3GQQ2JBK6SQ8&pf_rd_s=center-1&pf_rd_t=15506&pf_rd_i=toptv&ref_=chttvtp_tt_114
115,Twin Peaks,2017,            8.6    ,/title/tt4093826/?pf_rd_m=A2FGELUUNOQJNL&pf_rd_p=2398042182&pf_rd_r=1YHYTH3W3GQQ2JBK6SQ8&pf_rd_s=center-1&pf_rd_t=15506&pf_rd_i=toptv&ref_=chttvtp_tt_115
116,Leyla ile Mecnun,2011,            8.6    ,/title/tt1831164/?pf_rd_m=A2FGELUUNOQJNL&pf_rd_p=2398042182&pf_rd_r=1YHYTH3W3GQQ2JBK6SQ8&pf_rd_s=center-1&pf_rd_t=15506&pf_rd_i=toptv&ref_=chttvtp_tt_116
117,Yes Minister,1980,            8.6    ,/title/tt0080306/?pf_rd_m=A2FGELUUNOQJNL&pf_rd_p=2398042182&pf_rd_r=1YHYTH3W3GQQ2JBK6SQ8&pf_rd_s=center-1&pf_rd_t=15506&pf_rd_i=toptv&ref_=chttvtp_tt_117
118,Mad Men,2007,            8.6    ,/title/tt0804503/?pf_rd_m=A2FGELUUNOQJNL&pf_rd_p=2398042182&pf_rd_r=1YHYTH3W3GQQ2JBK6SQ8&pf_rd_s=center-1&pf_rd_t=15506&pf_rd_i=toptv&ref_=chttvtp_tt_118
119,The Bugs Bunny Show,1960,            8.6    ,/title/tt0053488/?pf_rd_m=A2FGELUUNOQJNL&pf_rd_p=2398042182&pf_rd_r=1YHYTH3W3GQQ2JBK6SQ8&pf_rd_s=center-1&pf_rd_t=15506&pf_rd_i=toptv&ref_=chttvtp_tt_119
120,Louie,2010,            8.6    ,/title/tt1492966/?pf_rd_m=A2FGELUUNOQJNL&pf_rd_p=2398042182&pf_rd_r=1YHYTH3W3GQQ2JBK6SQ8&pf_rd_s=center-1&pf_rd_t=15506&pf_rd_i=toptv&ref_=chttvtp_tt_120
121,The Handmaid's Tale,2017,            8.6    ,/title/tt5834204/?pf_rd_m=A2FGELUUNOQJNL&pf_rd_p=2398042182&pf_rd_r=1YHYTH3W3GQQ2JBK6SQ8&pf_rd_s=center-1&pf_rd_t=15506&pf_rd_i=toptv&ref_=chttvtp_tt_121
122,Friday Night Lights,2006,            8.6    ,/title/tt0758745/?pf_rd_m=A2FGELUUNOQJNL&pf_rd_p=2398042182&pf_rd_r=1YHYTH3W3GQQ2JBK6SQ8&pf_rd_s=center-1&pf_rd_t=15506&pf_rd_i=toptv&ref_=chttvtp_tt_122
123,Generation Kill,2008,            8.6    ,/title/tt0995832/?pf_rd_m=A2FGELUUNOQJNL&pf_rd_p=2398042182&pf_rd_r=1YHYTH3W3GQQ2JBK6SQ8&pf_rd_s=center-1&pf_rd_t=15506&pf_rd_i=toptv&ref_=chttvtp_tt_123
124,"Yes, Prime Minister",1986,            8.6    ,/title/tt0086831/?pf_rd_m=A2FGELUUNOQJNL&pf_rd_p=2398042182&pf_rd_r=1YHYTH3W3GQQ2JBK6SQ8&pf_rd_s=center-1&pf_rd_t=15506&pf_rd_i=toptv&ref_=chttvtp_tt_124
125,Seinto Seiya,1986,            8.6    ,/title/tt0161952/?pf_rd_m=A2FGELUUNOQJNL&pf_rd_p=2398042182&pf_rd_r=1YHYTH3W3GQQ2JBK6SQ8&pf_rd_s=center-1&pf_rd_t=15506&pf_rd_i=toptv&ref_=chttvtp_tt_125
126,The Night Of,2016,            8.6    ,/title/tt2401256/?pf_rd_m=A2FGELUUNOQJNL&pf_rd_p=2398042182&pf_rd_r=1YHYTH3W3GQQ2JBK6SQ8&pf_rd_s=center-1&pf_rd_t=15506&pf_rd_i=toptv&ref_=chttvtp_tt_126
127,Bron/Broen,2011,            8.6    ,/title/tt1733785/?pf_rd_m=A2FGELUUNOQJNL&pf_rd_p=2398042182&pf_rd_r=1YHYTH3W3GQQ2JBK6SQ8&pf_rd_s=center-1&pf_rd_t=15506&pf_rd_i=toptv&ref_=chttvtp_tt_127
128,Big Little Lies,2017,            8.6    ,/title/tt3920596/?pf_rd_m=A2FGELUUNOQJNL&pf_rd_p=2398042182&pf_rd_r=1YHYTH3W3GQQ2JBK6SQ8&pf_rd_s=center-1&pf_rd_t=15506&pf_rd_i=toptv&ref_=chttvtp_tt_128
129,Father Ted,1995,            8.6    ,/title/tt0111958/?pf_rd_m=A2FGELUUNOQJNL&pf_rd_p=2398042182&pf_rd_r=1YHYTH3W3GQQ2JBK6SQ8&pf_rd_s=center-1&pf_rd_t=15506&pf_rd_i=toptv&ref_=chttvtp_tt_129
130,Flight of the Conchords,2007,            8.6    ,/title/tt0863046/?pf_rd_m=A2FGELUUNOQJNL&pf_rd_p=2398042182&pf_rd_r=1YHYTH3W3GQQ2JBK6SQ8&pf_rd_s=center-1&pf_rd_t=15506&pf_rd_i=toptv&ref_=chttvtp_tt_130
131,Gomorra: La serie,2014,            8.6    ,/title/tt2049116/?pf_rd_m=A2FGELUUNOQJNL&pf_rd_p=2398042182&pf_rd_r=1YHYTH3W3GQQ2JBK6SQ8&pf_rd_s=center-1&pf_rd_t=15506&pf_rd_i=toptv&ref_=chttvtp_tt_131
132,Justice League,2001,            8.6    ,/title/tt0275137/?pf_rd_m=A2FGELUUNOQJNL&pf_rd_p=2398042182&pf_rd_r=1YHYTH3W3GQQ2JBK6SQ8&pf_rd_s=center-1&pf_rd_t=15506&pf_rd_i=toptv&ref_=chttvtp_tt_132
133,Samurai chanpurû,2004,            8.6    ,/title/tt0423731/?pf_rd_m=A2FGELUUNOQJNL&pf_rd_p=2398042182&pf_rd_r=1YHYTH3W3GQQ2JBK6SQ8&pf_rd_s=center-1&pf_rd_t=15506&pf_rd_i=toptv&ref_=chttvtp_tt_133
134,John Adams,2008,            8.6    ,/title/tt0472027/?pf_rd_m=A2FGELUUNOQJNL&pf_rd_p=2398042182&pf_rd_r=1YHYTH3W3GQQ2JBK6SQ8&pf_rd_s=center-1&pf_rd_t=15506&pf_rd_i=toptv&ref_=chttvtp_tt_134
135,Adventure Time with Finn & Jake,2010,            8.6    ,/title/tt1305826/?pf_rd_m=A2FGELUUNOQJNL&pf_rd_p=2398042182&pf_rd_r=1YHYTH3W3GQQ2JBK6SQ8&pf_rd_s=center-1&pf_rd_t=15506&pf_rd_i=toptv&ref_=chttvtp_tt_135
136,Justified,2010,            8.6    ,/title/tt1489428/?pf_rd_m=A2FGELUUNOQJNL&pf_rd_p=2398042182&pf_rd_r=1YHYTH3W3GQQ2JBK6SQ8&pf_rd_s=center-1&pf_rd_t=15506&pf_rd_i=toptv&ref_=chttvtp_tt_136
137,Shin Seiki Evangerion,1995,            8.6    ,/title/tt0112159/?pf_rd_m=A2FGELUUNOQJNL&pf_rd_p=2398042182&pf_rd_r=1YHYTH3W3GQQ2JBK6SQ8&pf_rd_s=center-1&pf_rd_t=15506&pf_rd_i=toptv&ref_=chttvtp_tt_137
138,Impractical Jokers,2011,            8.6    ,/title/tt2100976/?pf_rd_m=A2FGELUUNOQJNL&pf_rd_p=2398042182&pf_rd_r=1YHYTH3W3GQQ2JBK6SQ8&pf_rd_s=center-1&pf_rd_t=15506&pf_rd_i=toptv&ref_=chttvtp_tt_138
139,Peep Show,2003,            8.5    ,/title/tt0387764/?pf_rd_m=A2FGELUUNOQJNL&pf_rd_p=2398042182&pf_rd_r=1YHYTH3W3GQQ2JBK6SQ8&pf_rd_s=center-1&pf_rd_t=15506&pf_rd_i=toptv&ref_=chttvtp_tt_139
140,The Newsroom,2012,            8.5    ,/title/tt1870479/?pf_rd_m=A2FGELUUNOQJNL&pf_rd_p=2398042182&pf_rd_r=1YHYTH3W3GQQ2JBK6SQ8&pf_rd_s=center-1&pf_rd_t=15506&pf_rd_i=toptv&ref_=chttvtp_tt_140
141,Boardwalk Empire,2010,            8.5    ,/title/tt0979432/?pf_rd_m=A2FGELUUNOQJNL&pf_rd_p=2398042182&pf_rd_r=1YHYTH3W3GQQ2JBK6SQ8&pf_rd_s=center-1&pf_rd_t=15506&pf_rd_i=toptv&ref_=chttvtp_tt_141
142,Dr. Horrible's Sing-Along Blog,2008,            8.5    ,/title/tt1227926/?pf_rd_m=A2FGELUUNOQJNL&pf_rd_p=2398042182&pf_rd_r=1YHYTH3W3GQQ2JBK6SQ8&pf_rd_s=center-1&pf_rd_t=15506&pf_rd_i=toptv&ref_=chttvtp_tt_142
143,Alfred Hitchcock Presents,1955,            8.5    ,/title/tt0047708/?pf_rd_m=A2FGELUUNOQJNL&pf_rd_p=2398042182&pf_rd_r=1YHYTH3W3GQQ2JBK6SQ8&pf_rd_s=center-1&pf_rd_t=15506&pf_rd_i=toptv&ref_=chttvtp_tt_143
144,Coupling,2000,            8.5    ,/title/tt0237123/?pf_rd_m=A2FGELUUNOQJNL&pf_rd_p=2398042182&pf_rd_r=1YHYTH3W3GQQ2JBK6SQ8&pf_rd_s=center-1&pf_rd_t=15506&pf_rd_i=toptv&ref_=chttvtp_tt_144
145,Homicide: Life on the Street,1993,            8.5    ,/title/tt0106028/?pf_rd_m=A2FGELUUNOQJNL&pf_rd_p=2398042182&pf_rd_r=1YHYTH3W3GQQ2JBK6SQ8&pf_rd_s=center-1&pf_rd_t=15506&pf_rd_i=toptv&ref_=chttvtp_tt_145
146,Mr. Robot,2015,            8.5    ,/title/tt4158110/?pf_rd_m=A2FGELUUNOQJNL&pf_rd_p=2398042182&pf_rd_r=1YHYTH3W3GQQ2JBK6SQ8&pf_rd_s=center-1&pf_rd_t=15506&pf_rd_i=toptv&ref_=chttvtp_tt_146
147,Dragon Ball: Doragon bôru,1986,            8.5    ,/title/tt0088509/?pf_rd_m=A2FGELUUNOQJNL&pf_rd_p=2398042182&pf_rd_r=1YHYTH3W3GQQ2JBK6SQ8&pf_rd_s=center-1&pf_rd_t=15506&pf_rd_i=toptv&ref_=chttvtp_tt_147
148,The Office,2001,            8.5    ,/title/tt0290978/?pf_rd_m=A2FGELUUNOQJNL&pf_rd_p=2398042182&pf_rd_r=1YHYTH3W3GQQ2JBK6SQ8&pf_rd_s=center-1&pf_rd_t=15506&pf_rd_i=toptv&ref_=chttvtp_tt_148
149,Vikings,2013,            8.5    ,/title/tt2306299/?pf_rd_m=A2FGELUUNOQJNL&pf_rd_p=2398042182&pf_rd_r=1YHYTH3W3GQQ2JBK6SQ8&pf_rd_s=center-1&pf_rd_t=15506&pf_rd_i=toptv&ref_=chttvtp_tt_149
150,House of Cards,1990,            8.5    ,/title/tt0098825/?pf_rd_m=A2FGELUUNOQJNL&pf_rd_p=2398042182&pf_rd_r=1YHYTH3W3GQQ2JBK6SQ8&pf_rd_s=center-1&pf_rd_t=15506&pf_rd_i=toptv&ref_=chttvtp_tt_150
151,Dragon Ball,1995,            8.5    ,/title/tt0280249/?pf_rd_m=A2FGELUUNOQJNL&pf_rd_p=2398042182&pf_rd_r=1YHYTH3W3GQQ2JBK6SQ8&pf_rd_s=center-1&pf_rd_t=15506&pf_rd_i=toptv&ref_=chttvtp_tt_151
152,Feud,2017,            8.5    ,/title/tt1984119/?pf_rd_m=A2FGELUUNOQJNL&pf_rd_p=2398042182&pf_rd_r=1YHYTH3W3GQQ2JBK6SQ8&pf_rd_s=center-1&pf_rd_t=15506&pf_rd_i=toptv&ref_=chttvtp_tt_152
153,Agatha Christie's Poirot,1989,            8.5    ,/title/tt0094525/?pf_rd_m=A2FGELUUNOQJNL&pf_rd_p=2398042182&pf_rd_r=1YHYTH3W3GQQ2JBK6SQ8&pf_rd_s=center-1&pf_rd_t=15506&pf_rd_i=toptv&ref_=chttvtp_tt_153
154,Whose Line Is It Anyway?,1998,            8.5    ,/title/tt0163507/?pf_rd_m=A2FGELUUNOQJNL&pf_rd_p=2398042182&pf_rd_r=1YHYTH3W3GQQ2JBK6SQ8&pf_rd_s=center-1&pf_rd_t=15506&pf_rd_i=toptv&ref_=chttvtp_tt_154
155,Tinker Tailor Soldier Spy,1979,            8.5    ,/title/tt0080297/?pf_rd_m=A2FGELUUNOQJNL&pf_rd_p=2398042182&pf_rd_r=1YHYTH3W3GQQ2JBK6SQ8&pf_rd_s=center-1&pf_rd_t=15506&pf_rd_i=toptv&ref_=chttvtp_tt_155
156,Kardes Payi,2014,            8.5    ,/title/tt3671754/?pf_rd_m=A2FGELUUNOQJNL&pf_rd_p=2398042182&pf_rd_r=1YHYTH3W3GQQ2JBK6SQ8&pf_rd_s=center-1&pf_rd_t=15506&pf_rd_i=toptv&ref_=chttvtp_tt_156
157,Rurôni Kenshin -Meiji kenkaku romantan,1996,            8.5    ,/title/tt0182629/?pf_rd_m=A2FGELUUNOQJNL&pf_rd_p=2398042182&pf_rd_r=1YHYTH3W3GQQ2JBK6SQ8&pf_rd_s=center-1&pf_rd_t=15506&pf_rd_i=toptv&ref_=chttvtp_tt_157
158,The New Batman Adventures,1997,            8.5    ,/title/tt0118266/?pf_rd_m=A2FGELUUNOQJNL&pf_rd_p=2398042182&pf_rd_r=1YHYTH3W3GQQ2JBK6SQ8&pf_rd_s=center-1&pf_rd_t=15506&pf_rd_i=toptv&ref_=chttvtp_tt_158
159,The IT Crowd,2006,            8.5    ,/title/tt0487831/?pf_rd_m=A2FGELUUNOQJNL&pf_rd_p=2398042182&pf_rd_r=1YHYTH3W3GQQ2JBK6SQ8&pf_rd_s=center-1&pf_rd_t=15506&pf_rd_i=toptv&ref_=chttvtp_tt_159
160,The Prisoner,1967,            8.5    ,/title/tt0061287/?pf_rd_m=A2FGELUUNOQJNL&pf_rd_p=2398042182&pf_rd_r=1YHYTH3W3GQQ2JBK6SQ8&pf_rd_s=center-1&pf_rd_t=15506&pf_rd_i=toptv&ref_=chttvtp_tt_160
161,Taboo,2017,            8.5    ,/title/tt3647998/?pf_rd_m=A2FGELUUNOQJNL&pf_rd_p=2398042182&pf_rd_r=1YHYTH3W3GQQ2JBK6SQ8&pf_rd_s=center-1&pf_rd_t=15506&pf_rd_i=toptv&ref_=chttvtp_tt_161
162,Spartacus: Gods of the Arena,2011,            8.5    ,/title/tt1758429/?pf_rd_m=A2FGELUUNOQJNL&pf_rd_p=2398042182&pf_rd_r=1YHYTH3W3GQQ2JBK6SQ8&pf_rd_s=center-1&pf_rd_t=15506&pf_rd_i=toptv&ref_=chttvtp_tt_162
163,Silicon Valley,2014,            8.5    ,/title/tt2575988/?pf_rd_m=A2FGELUUNOQJNL&pf_rd_p=2398042182&pf_rd_r=1YHYTH3W3GQQ2JBK6SQ8&pf_rd_s=center-1&pf_rd_t=15506&pf_rd_i=toptv&ref_=chttvtp_tt_163
164,Ash vs Evil Dead,2015,            8.5    ,/title/tt4189022/?pf_rd_m=A2FGELUUNOQJNL&pf_rd_p=2398042182&pf_rd_r=1YHYTH3W3GQQ2JBK6SQ8&pf_rd_s=center-1&pf_rd_t=15506&pf_rd_i=toptv&ref_=chttvtp_tt_164
165,Mr. Bean,1990,            8.5    ,/title/tt0096657/?pf_rd_m=A2FGELUUNOQJNL&pf_rd_p=2398042182&pf_rd_r=1YHYTH3W3GQQ2JBK6SQ8&pf_rd_s=center-1&pf_rd_t=15506&pf_rd_i=toptv&ref_=chttvtp_tt_165
166,American Crime Story,2016,            8.5    ,/title/tt2788432/?pf_rd_m=A2FGELUUNOQJNL&pf_rd_p=2398042182&pf_rd_r=1YHYTH3W3GQQ2JBK6SQ8&pf_rd_s=center-1&pf_rd_t=15506&pf_rd_i=toptv&ref_=chttvtp_tt_166
167,Luther,2010,            8.5    ,/title/tt1474684/?pf_rd_m=A2FGELUUNOQJNL&pf_rd_p=2398042182&pf_rd_r=1YHYTH3W3GQQ2JBK6SQ8&pf_rd_s=center-1&pf_rd_t=15506&pf_rd_i=toptv&ref_=chttvtp_tt_167
168,The Colbert Report,2005,            8.5    ,/title/tt0458254/?pf_rd_m=A2FGELUUNOQJNL&pf_rd_p=2398042182&pf_rd_r=1YHYTH3W3GQQ2JBK6SQ8&pf_rd_s=center-1&pf_rd_t=15506&pf_rd_i=toptv&ref_=chttvtp_tt_168
169,Kôkaku kidôtai: Stand Alone Complex,2002,            8.5    ,/title/tt0346314/?pf_rd_m=A2FGELUUNOQJNL&pf_rd_p=2398042182&pf_rd_r=1YHYTH3W3GQQ2JBK6SQ8&pf_rd_s=center-1&pf_rd_t=15506&pf_rd_i=toptv&ref_=chttvtp_tt_169
170,The Venture Bros.,2003,            8.5    ,/title/tt0417373/?pf_rd_m=A2FGELUUNOQJNL&pf_rd_p=2398042182&pf_rd_r=1YHYTH3W3GQQ2JBK6SQ8&pf_rd_s=center-1&pf_rd_t=15506&pf_rd_i=toptv&ref_=chttvtp_tt_170
171,Black Books,2000,            8.5    ,/title/tt0262150/?pf_rd_m=A2FGELUUNOQJNL&pf_rd_p=2398042182&pf_rd_r=1YHYTH3W3GQQ2JBK6SQ8&pf_rd_s=center-1&pf_rd_t=15506&pf_rd_i=toptv&ref_=chttvtp_tt_171
172,Atlanta,2016,            8.5    ,/title/tt4288182/?pf_rd_m=A2FGELUUNOQJNL&pf_rd_p=2398042182&pf_rd_r=1YHYTH3W3GQQ2JBK6SQ8&pf_rd_s=center-1&pf_rd_t=15506&pf_rd_i=toptv&ref_=chttvtp_tt_172
173,One Piece: Wan pîsu,1999,            8.5    ,/title/tt0388629/?pf_rd_m=A2FGELUUNOQJNL&pf_rd_p=2398042182&pf_rd_r=1YHYTH3W3GQQ2JBK6SQ8&pf_rd_s=center-1&pf_rd_t=15506&pf_rd_i=toptv&ref_=chttvtp_tt_173
174,Hannibal,2013,            8.5    ,/title/tt2243973/?pf_rd_m=A2FGELUUNOQJNL&pf_rd_p=2398042182&pf_rd_r=1YHYTH3W3GQQ2JBK6SQ8&pf_rd_s=center-1&pf_rd_t=15506&pf_rd_i=toptv&ref_=chttvtp_tt_174
175,The Legend of Korra,2012,            8.5    ,/title/tt1695360/?pf_rd_m=A2FGELUUNOQJNL&pf_rd_p=2398042182&pf_rd_r=1YHYTH3W3GQQ2JBK6SQ8&pf_rd_s=center-1&pf_rd_t=15506&pf_rd_i=toptv&ref_=chttvtp_tt_175
176,I'm Alan Partridge,1997,            8.5    ,/title/tt0129690/?pf_rd_m=A2FGELUUNOQJNL&pf_rd_p=2398042182&pf_rd_r=1YHYTH3W3GQQ2JBK6SQ8&pf_rd_s=center-1&pf_rd_t=15506&pf_rd_i=toptv&ref_=chttvtp_tt_176
177,The Angry Video Game Nerd,2004,            8.5    ,/title/tt1230180/?pf_rd_m=A2FGELUUNOQJNL&pf_rd_p=2398042182&pf_rd_r=1YHYTH3W3GQQ2JBK6SQ8&pf_rd_s=center-1&pf_rd_t=15506&pf_rd_i=toptv&ref_=chttvtp_tt_177
178,Suits,2011,            8.5    ,/title/tt1632701/?pf_rd_m=A2FGELUUNOQJNL&pf_rd_p=2398042182&pf_rd_r=1YHYTH3W3GQQ2JBK6SQ8&pf_rd_s=center-1&pf_rd_t=15506&pf_rd_i=toptv&ref_=chttvtp_tt_178
179,Futurama,1999,            8.5    ,/title/tt0149460/?pf_rd_m=A2FGELUUNOQJNL&pf_rd_p=2398042182&pf_rd_r=1YHYTH3W3GQQ2JBK6SQ8&pf_rd_s=center-1&pf_rd_t=15506&pf_rd_i=toptv&ref_=chttvtp_tt_179
180,Wentworth,2013,            8.5    ,/title/tt2433738/?pf_rd_m=A2FGELUUNOQJNL&pf_rd_p=2398042182&pf_rd_r=1YHYTH3W3GQQ2JBK6SQ8&pf_rd_s=center-1&pf_rd_t=15506&pf_rd_i=toptv&ref_=chttvtp_tt_180
181,Sons of Anarchy,2008,            8.5    ,/title/tt1124373/?pf_rd_m=A2FGELUUNOQJNL&pf_rd_p=2398042182&pf_rd_r=1YHYTH3W3GQQ2JBK6SQ8&pf_rd_s=center-1&pf_rd_t=15506&pf_rd_i=toptv&ref_=chttvtp_tt_181
182,Jesus of Nazareth,1977,            8.5    ,/title/tt0075520/?pf_rd_m=A2FGELUUNOQJNL&pf_rd_p=2398042182&pf_rd_r=1YHYTH3W3GQQ2JBK6SQ8&pf_rd_s=center-1&pf_rd_t=15506&pf_rd_i=toptv&ref_=chttvtp_tt_182
183,Clannad: After Story,2008,            8.5    ,/title/tt1298820/?pf_rd_m=A2FGELUUNOQJNL&pf_rd_p=2398042182&pf_rd_r=1YHYTH3W3GQQ2JBK6SQ8&pf_rd_s=center-1&pf_rd_t=15506&pf_rd_i=toptv&ref_=chttvtp_tt_183
184,Spartacus: Blood and Sand,2010,            8.5    ,/title/tt1442449/?pf_rd_m=A2FGELUUNOQJNL&pf_rd_p=2398042182&pf_rd_r=1YHYTH3W3GQQ2JBK6SQ8&pf_rd_s=center-1&pf_rd_t=15506&pf_rd_i=toptv&ref_=chttvtp_tt_184
185,"Inside Look: The People v. O.J. Simpson, American Crime Story",2016,            8.5    ,/title/tt6205862/?pf_rd_m=A2FGELUUNOQJNL&pf_rd_p=2398042182&pf_rd_r=1YHYTH3W3GQQ2JBK6SQ8&pf_rd_s=center-1&pf_rd_t=15506&pf_rd_i=toptv&ref_=chttvtp_tt_185
186,Behzat Ç.: Bir Ankara Polisiyesi,2010,            8.5    ,/title/tt1795096/?pf_rd_m=A2FGELUUNOQJNL&pf_rd_p=2398042182&pf_rd_r=1YHYTH3W3GQQ2JBK6SQ8&pf_rd_s=center-1&pf_rd_t=15506&pf_rd_i=toptv&ref_=chttvtp_tt_186
187,The Knick,2014,            8.5    ,/title/tt2937900/?pf_rd_m=A2FGELUUNOQJNL&pf_rd_p=2398042182&pf_rd_r=1YHYTH3W3GQQ2JBK6SQ8&pf_rd_s=center-1&pf_rd_t=15506&pf_rd_i=toptv&ref_=chttvtp_tt_187
188,Boku dake ga inai machi,2016,            8.5    ,/title/tt5249462/?pf_rd_m=A2FGELUUNOQJNL&pf_rd_p=2398042182&pf_rd_r=1YHYTH3W3GQQ2JBK6SQ8&pf_rd_s=center-1&pf_rd_t=15506&pf_rd_i=toptv&ref_=chttvtp_tt_188
189,Community,2009,            8.5    ,/title/tt1439629/?pf_rd_m=A2FGELUUNOQJNL&pf_rd_p=2398042182&pf_rd_r=1YHYTH3W3GQQ2JBK6SQ8&pf_rd_s=center-1&pf_rd_t=15506&pf_rd_i=toptv&ref_=chttvtp_tt_189
190,Endeavour,2012,            8.5    ,/title/tt2701582/?pf_rd_m=A2FGELUUNOQJNL&pf_rd_p=2398042182&pf_rd_r=1YHYTH3W3GQQ2JBK6SQ8&pf_rd_s=center-1&pf_rd_t=15506&pf_rd_i=toptv&ref_=chttvtp_tt_190
191,Garth Marenghi's Darkplace,2004,            8.5    ,/title/tt0397150/?pf_rd_m=A2FGELUUNOQJNL&pf_rd_p=2398042182&pf_rd_r=1YHYTH3W3GQQ2JBK6SQ8&pf_rd_s=center-1&pf_rd_t=15506&pf_rd_i=toptv&ref_=chttvtp_tt_191
192,Police Squad!,1982,            8.5    ,/title/tt0083466/?pf_rd_m=A2FGELUUNOQJNL&pf_rd_p=2398042182&pf_rd_r=1YHYTH3W3GQQ2JBK6SQ8&pf_rd_s=center-1&pf_rd_t=15506&pf_rd_i=toptv&ref_=chttvtp_tt_192
193,Permanent Roommates,2014,            8.5    ,/title/tt4156586/?pf_rd_m=A2FGELUUNOQJNL&pf_rd_p=2398042182&pf_rd_r=1YHYTH3W3GQQ2JBK6SQ8&pf_rd_s=center-1&pf_rd_t=15506&pf_rd_i=toptv&ref_=chttvtp_tt_193
194,X-Men,1992,            8.5    ,/title/tt0103584/?pf_rd_m=A2FGELUUNOQJNL&pf_rd_p=2398042182&pf_rd_r=1YHYTH3W3GQQ2JBK6SQ8&pf_rd_s=center-1&pf_rd_t=15506&pf_rd_i=toptv&ref_=chttvtp_tt_194
195,Carnivàle,2003,            8.4    ,/title/tt0319969/?pf_rd_m=A2FGELUUNOQJNL&pf_rd_p=2398042182&pf_rd_r=1YHYTH3W3GQQ2JBK6SQ8&pf_rd_s=center-1&pf_rd_t=15506&pf_rd_i=toptv&ref_=chttvtp_tt_195
196,Scener ur ett äktenskap,1973,            8.4    ,/title/tt0070644/?pf_rd_m=A2FGELUUNOQJNL&pf_rd_p=2398042182&pf_rd_r=1YHYTH3W3GQQ2JBK6SQ8&pf_rd_s=center-1&pf_rd_t=15506&pf_rd_i=toptv&ref_=chttvtp_tt_196
197,"Unsere Mütter, unsere Väter",2013,            8.4    ,/title/tt1883092/?pf_rd_m=A2FGELUUNOQJNL&pf_rd_p=2398042182&pf_rd_r=1YHYTH3W3GQQ2JBK6SQ8&pf_rd_s=center-1&pf_rd_t=15506&pf_rd_i=toptv&ref_=chttvtp_tt_197
198,Happy Valley,2014,            8.4    ,/title/tt3428912/?pf_rd_m=A2FGELUUNOQJNL&pf_rd_p=2398042182&pf_rd_r=1YHYTH3W3GQQ2JBK6SQ8&pf_rd_s=center-1&pf_rd_t=15506&pf_rd_i=toptv&ref_=chttvtp_tt_198
199,Legion,2017,            8.4    ,/title/tt5114356/?pf_rd_m=A2FGELUUNOQJNL&pf_rd_p=2398042182&pf_rd_r=1YHYTH3W3GQQ2JBK6SQ8&pf_rd_s=center-1&pf_rd_t=15506&pf_rd_i=toptv&ref_=chttvtp_tt_199
200,Tatli Hayat,2001,            8.4    ,/title/tt0302199/?pf_rd_m=A2FGELUUNOQJNL&pf_rd_p=2398042182&pf_rd_r=1YHYTH3W3GQQ2JBK6SQ8&pf_rd_s=center-1&pf_rd_t=15506&pf_rd_i=toptv&ref_=chttvtp_tt_200
201,Modern Family,2009,            8.4    ,/title/tt1442437/?pf_rd_m=A2FGELUUNOQJNL&pf_rd_p=2398042182&pf_rd_r=1YHYTH3W3GQQ2JBK6SQ8&pf_rd_s=center-1&pf_rd_t=15506&pf_rd_i=toptv&ref_=chttvtp_tt_201
202,State of Play,2003,            8.4    ,/title/tt0362192/?pf_rd_m=A2FGELUUNOQJNL&pf_rd_p=2398042182&pf_rd_r=1YHYTH3W3GQQ2JBK6SQ8&pf_rd_s=center-1&pf_rd_t=15506&pf_rd_i=toptv&ref_=chttvtp_tt_202
203,Samurai Jack,2001,            8.4    ,/title/tt0278238/?pf_rd_m=A2FGELUUNOQJNL&pf_rd_p=2398042182&pf_rd_r=1YHYTH3W3GQQ2JBK6SQ8&pf_rd_s=center-1&pf_rd_t=15506&pf_rd_i=toptv&ref_=chttvtp_tt_203
204,Isler Güçler,2012,            8.4    ,/title/tt2311418/?pf_rd_m=A2FGELUUNOQJNL&pf_rd_p=2398042182&pf_rd_r=1YHYTH3W3GQQ2JBK6SQ8&pf_rd_s=center-1&pf_rd_t=15506&pf_rd_i=toptv&ref_=chttvtp_tt_204
205,Entourage,2004,            8.4    ,/title/tt0387199/?pf_rd_m=A2FGELUUNOQJNL&pf_rd_p=2398042182&pf_rd_r=1YHYTH3W3GQQ2JBK6SQ8&pf_rd_s=center-1&pf_rd_t=15506&pf_rd_i=toptv&ref_=chttvtp_tt_205
206,Utopia,2013,            8.4    ,/title/tt2384811/?pf_rd_m=A2FGELUUNOQJNL&pf_rd_p=2398042182&pf_rd_r=1YHYTH3W3GQQ2JBK6SQ8&pf_rd_s=center-1&pf_rd_t=15506&pf_rd_i=toptv&ref_=chttvtp_tt_206
207,Line of Duty,2012,            8.4    ,/title/tt2303687/?pf_rd_m=A2FGELUUNOQJNL&pf_rd_p=2398042182&pf_rd_r=1YHYTH3W3GQQ2JBK6SQ8&pf_rd_s=center-1&pf_rd_t=15506&pf_rd_i=toptv&ref_=chttvtp_tt_207
208,Jeeves and Wooster,1990,            8.4    ,/title/tt0098833/?pf_rd_m=A2FGELUUNOQJNL&pf_rd_p=2398042182&pf_rd_r=1YHYTH3W3GQQ2JBK6SQ8&pf_rd_s=center-1&pf_rd_t=15506&pf_rd_i=toptv&ref_=chttvtp_tt_208
209,The Muppet Show,1976,            8.4    ,/title/tt0074028/?pf_rd_m=A2FGELUUNOQJNL&pf_rd_p=2398042182&pf_rd_r=1YHYTH3W3GQQ2JBK6SQ8&pf_rd_s=center-1&pf_rd_t=15506&pf_rd_i=toptv&ref_=chttvtp_tt_209
210,Doctor Who,1963,            8.4    ,/title/tt0056751/?pf_rd_m=A2FGELUUNOQJNL&pf_rd_p=2398042182&pf_rd_r=1YHYTH3W3GQQ2JBK6SQ8&pf_rd_s=center-1&pf_rd_t=15506&pf_rd_i=toptv&ref_=chttvtp_tt_210
211,Ozark,2017,            8.4    ,/title/tt5071412/?pf_rd_m=A2FGELUUNOQJNL&pf_rd_p=2398042182&pf_rd_r=1YHYTH3W3GQQ2JBK6SQ8&pf_rd_s=center-1&pf_rd_t=15506&pf_rd_i=toptv&ref_=chttvtp_tt_211
212,Kiseijû: Sei no kakuritsu,2014,            8.4    ,/title/tt3358020/?pf_rd_m=A2FGELUUNOQJNL&pf_rd_p=2398042182&pf_rd_r=1YHYTH3W3GQQ2JBK6SQ8&pf_rd_s=center-1&pf_rd_t=15506&pf_rd_i=toptv&ref_=chttvtp_tt_212
213,Borgen,2010,            8.4    ,/title/tt1526318/?pf_rd_m=A2FGELUUNOQJNL&pf_rd_p=2398042182&pf_rd_r=1YHYTH3W3GQQ2JBK6SQ8&pf_rd_s=center-1&pf_rd_t=15506&pf_rd_i=toptv&ref_=chttvtp_tt_213
214,The Larry Sanders Show,1992,            8.4    ,/title/tt0103466/?pf_rd_m=A2FGELUUNOQJNL&pf_rd_p=2398042182&pf_rd_r=1YHYTH3W3GQQ2JBK6SQ8&pf_rd_s=center-1&pf_rd_t=15506&pf_rd_i=toptv&ref_=chttvtp_tt_214
215,Roots,1977,            8.4    ,/title/tt0075572/?pf_rd_m=A2FGELUUNOQJNL&pf_rd_p=2398042182&pf_rd_r=1YHYTH3W3GQQ2JBK6SQ8&pf_rd_s=center-1&pf_rd_t=15506&pf_rd_i=toptv&ref_=chttvtp_tt_215
216,Yu Yu Hakusho,1992,            8.4    ,/title/tt0185133/?pf_rd_m=A2FGELUUNOQJNL&pf_rd_p=2398042182&pf_rd_r=1YHYTH3W3GQQ2JBK6SQ8&pf_rd_s=center-1&pf_rd_t=15506&pf_rd_i=toptv&ref_=chttvtp_tt_216
217,Mushishi,2005,            8.4    ,/title/tt0807832/?pf_rd_m=A2FGELUUNOQJNL&pf_rd_p=2398042182&pf_rd_r=1YHYTH3W3GQQ2JBK6SQ8&pf_rd_s=center-1&pf_rd_t=15506&pf_rd_i=toptv&ref_=chttvtp_tt_217
218,BoJack Horseman,2014,            8.4    ,/title/tt3398228/?pf_rd_m=A2FGELUUNOQJNL&pf_rd_p=2398042182&pf_rd_r=1YHYTH3W3GQQ2JBK6SQ8&pf_rd_s=center-1&pf_rd_t=15506&pf_rd_i=toptv&ref_=chttvtp_tt_218
219,"Bill Nye, the Science Guy",1993,            8.4    ,/title/tt0173528/?pf_rd_m=A2FGELUUNOQJNL&pf_rd_p=2398042182&pf_rd_r=1YHYTH3W3GQQ2JBK6SQ8&pf_rd_s=center-1&pf_rd_t=15506&pf_rd_i=toptv&ref_=chttvtp_tt_219
220,Mr. Show with Bob and David,1995,            8.4    ,/title/tt0112084/?pf_rd_m=A2FGELUUNOQJNL&pf_rd_p=2398042182&pf_rd_r=1YHYTH3W3GQQ2JBK6SQ8&pf_rd_s=center-1&pf_rd_t=15506&pf_rd_i=toptv&ref_=chttvtp_tt_220
221,Southland,2009,            8.4    ,/title/tt1299368/?pf_rd_m=A2FGELUUNOQJNL&pf_rd_p=2398042182&pf_rd_r=1YHYTH3W3GQQ2JBK6SQ8&pf_rd_s=center-1&pf_rd_t=15506&pf_rd_i=toptv&ref_=chttvtp_tt_221
222,Red Dwarf,1988,            8.4    ,/title/tt0094535/?pf_rd_m=A2FGELUUNOQJNL&pf_rd_p=2398042182&pf_rd_r=1YHYTH3W3GQQ2JBK6SQ8&pf_rd_s=center-1&pf_rd_t=15506&pf_rd_i=toptv&ref_=chttvtp_tt_222
223,Riget,1994,            8.4    ,/title/tt0108906/?pf_rd_m=A2FGELUUNOQJNL&pf_rd_p=2398042182&pf_rd_r=1YHYTH3W3GQQ2JBK6SQ8&pf_rd_s=center-1&pf_rd_t=15506&pf_rd_i=toptv&ref_=chttvtp_tt_223
224,The Walking Dead,2010,            8.4    ,/title/tt1520211/?pf_rd_m=A2FGELUUNOQJNL&pf_rd_p=2398042182&pf_rd_r=1YHYTH3W3GQQ2JBK6SQ8&pf_rd_s=center-1&pf_rd_t=15506&pf_rd_i=toptv&ref_=chttvtp_tt_224
225,Anne with an E,2017,            8.4    ,/title/tt5421602/?pf_rd_m=A2FGELUUNOQJNL&pf_rd_p=2398042182&pf_rd_r=1YHYTH3W3GQQ2JBK6SQ8&pf_rd_s=center-1&pf_rd_t=15506&pf_rd_i=toptv&ref_=chttvtp_tt_225
226,Supernatural,2005,            8.4    ,/title/tt0460681/?pf_rd_m=A2FGELUUNOQJNL&pf_rd_p=2398042182&pf_rd_r=1YHYTH3W3GQQ2JBK6SQ8&pf_rd_s=center-1&pf_rd_t=15506&pf_rd_i=toptv&ref_=chttvtp_tt_226
227,Brigada,2002,            8.4    ,/title/tt0337898/?pf_rd_m=A2FGELUUNOQJNL&pf_rd_p=2398042182&pf_rd_r=1YHYTH3W3GQQ2JBK6SQ8&pf_rd_s=center-1&pf_rd_t=15506&pf_rd_i=toptv&ref_=chttvtp_tt_227
228,Trailer Park Boys,2001,            8.4    ,/title/tt0290988/?pf_rd_m=A2FGELUUNOQJNL&pf_rd_p=2398042182&pf_rd_r=1YHYTH3W3GQQ2JBK6SQ8&pf_rd_s=center-1&pf_rd_t=15506&pf_rd_i=toptv&ref_=chttvtp_tt_228
229,Naruto: Shippûden,2007,            8.4    ,/title/tt0988824/?pf_rd_m=A2FGELUUNOQJNL&pf_rd_p=2398042182&pf_rd_r=1YHYTH3W3GQQ2JBK6SQ8&pf_rd_s=center-1&pf_rd_t=15506&pf_rd_i=toptv&ref_=chttvtp_tt_229
230,Summer Heights High,2007,            8.3    ,/title/tt0934320/?pf_rd_m=A2FGELUUNOQJNL&pf_rd_p=2398042182&pf_rd_r=1YHYTH3W3GQQ2JBK6SQ8&pf_rd_s=center-1&pf_rd_t=15506&pf_rd_i=toptv&ref_=chttvtp_tt_230
231,Hellsing Ultimate,2006,            8.3    ,/title/tt0495212/?pf_rd_m=A2FGELUUNOQJNL&pf_rd_p=2398042182&pf_rd_r=1YHYTH3W3GQQ2JBK6SQ8&pf_rd_s=center-1&pf_rd_t=15506&pf_rd_i=toptv&ref_=chttvtp_tt_231
232,Fringe,2008,            8.3    ,/title/tt1119644/?pf_rd_m=A2FGELUUNOQJNL&pf_rd_p=2398042182&pf_rd_r=1YHYTH3W3GQQ2JBK6SQ8&pf_rd_s=center-1&pf_rd_t=15506&pf_rd_i=toptv&ref_=chttvtp_tt_232
233,24: Live Another Day,2014,            8.3    ,/title/tt1598754/?pf_rd_m=A2FGELUUNOQJNL&pf_rd_p=2398042182&pf_rd_r=1YHYTH3W3GQQ2JBK6SQ8&pf_rd_s=center-1&pf_rd_t=15506&pf_rd_i=toptv&ref_=chttvtp_tt_233
234,The Inbetweeners,2008,            8.3    ,/title/tt1220617/?pf_rd_m=A2FGELUUNOQJNL&pf_rd_p=2398042182&pf_rd_r=1YHYTH3W3GQQ2JBK6SQ8&pf_rd_s=center-1&pf_rd_t=15506&pf_rd_i=toptv&ref_=chttvtp_tt_234
235,Dragon Ball Kai: Doragon bôru kai,2009,            8.3    ,/title/tt1409055/?pf_rd_m=A2FGELUUNOQJNL&pf_rd_p=2398042182&pf_rd_r=1YHYTH3W3GQQ2JBK6SQ8&pf_rd_s=center-1&pf_rd_t=15506&pf_rd_i=toptv&ref_=chttvtp_tt_235
236,13 Reasons Why,2017,            8.3    ,/title/tt1837492/?pf_rd_m=A2FGELUUNOQJNL&pf_rd_p=2398042182&pf_rd_r=1YHYTH3W3GQQ2JBK6SQ8&pf_rd_s=center-1&pf_rd_t=15506&pf_rd_i=toptv&ref_=chttvtp_tt_236
237,Lost,2004,            8.3    ,/title/tt0411008/?pf_rd_m=A2FGELUUNOQJNL&pf_rd_p=2398042182&pf_rd_r=1YHYTH3W3GQQ2JBK6SQ8&pf_rd_s=center-1&pf_rd_t=15506&pf_rd_i=toptv&ref_=chttvtp_tt_237
238,Whose Line Is It Anyway?,2013,            8.3    ,/title/tt2919910/?pf_rd_m=A2FGELUUNOQJNL&pf_rd_p=2398042182&pf_rd_r=1YHYTH3W3GQQ2JBK6SQ8&pf_rd_s=center-1&pf_rd_t=15506&pf_rd_i=toptv&ref_=chttvtp_tt_238
239,Person of Interest,2011,            8.3    ,/title/tt1839578/?pf_rd_m=A2FGELUUNOQJNL&pf_rd_p=2398042182&pf_rd_r=1YHYTH3W3GQQ2JBK6SQ8&pf_rd_s=center-1&pf_rd_t=15506&pf_rd_i=toptv&ref_=chttvtp_tt_239
240,Pushing Daisies,2007,            8.3    ,/title/tt0925266/?pf_rd_m=A2FGELUUNOQJNL&pf_rd_p=2398042182&pf_rd_r=1YHYTH3W3GQQ2JBK6SQ8&pf_rd_s=center-1&pf_rd_t=15506&pf_rd_i=toptv&ref_=chttvtp_tt_240
241,Stargate SG-1,1997,            8.3    ,/title/tt0118480/?pf_rd_m=A2FGELUUNOQJNL&pf_rd_p=2398042182&pf_rd_r=1YHYTH3W3GQQ2JBK6SQ8&pf_rd_s=center-1&pf_rd_t=15506&pf_rd_i=toptv&ref_=chttvtp_tt_241
242,Star Trek,1966,            8.3    ,/title/tt0060028/?pf_rd_m=A2FGELUUNOQJNL&pf_rd_p=2398042182&pf_rd_r=1YHYTH3W3GQQ2JBK6SQ8&pf_rd_s=center-1&pf_rd_t=15506&pf_rd_i=toptv&ref_=chttvtp_tt_242
243,Boston Legal,2004,            8.3    ,/title/tt0402711/?pf_rd_m=A2FGELUUNOQJNL&pf_rd_p=2398042182&pf_rd_r=1YHYTH3W3GQQ2JBK6SQ8&pf_rd_s=center-1&pf_rd_t=15506&pf_rd_i=toptv&ref_=chttvtp_tt_243
244,Broadchurch,2013,            8.3    ,/title/tt2249364/?pf_rd_m=A2FGELUUNOQJNL&pf_rd_p=2398042182&pf_rd_r=1YHYTH3W3GQQ2JBK6SQ8&pf_rd_s=center-1&pf_rd_t=15506&pf_rd_i=toptv&ref_=chttvtp_tt_244
245,Billions,2016,            8.3    ,/title/tt4270492/?pf_rd_m=A2FGELUUNOQJNL&pf_rd_p=2398042182&pf_rd_r=1YHYTH3W3GQQ2JBK6SQ8&pf_rd_s=center-1&pf_rd_t=15506&pf_rd_i=toptv&ref_=chttvtp_tt_245
246,My Mad Fat Diary,2013,            8.3    ,/title/tt2407574/?pf_rd_m=A2FGELUUNOQJNL&pf_rd_p=2398042182&pf_rd_r=1YHYTH3W3GQQ2JBK6SQ8&pf_rd_s=center-1&pf_rd_t=15506&pf_rd_i=toptv&ref_=chttvtp_tt_246
247,M*A*S*H,1972,            8.3    ,/title/tt0068098/?pf_rd_m=A2FGELUUNOQJNL&pf_rd_p=2398042182&pf_rd_r=1YHYTH3W3GQQ2JBK6SQ8&pf_rd_s=center-1&pf_rd_t=15506&pf_rd_i=toptv&ref_=chttvtp_tt_247
248,Olive Kitteridge,2014,            8.3    ,/title/tt3012698/?pf_rd_m=A2FGELUUNOQJNL&pf_rd_p=2398042182&pf_rd_r=1YHYTH3W3GQQ2JBK6SQ8&pf_rd_s=center-1&pf_rd_t=15506&pf_rd_i=toptv&ref_=chttvtp_tt_248
249,The League of Gentlemen,1999,            8.3    ,/title/tt0184135/?pf_rd_m=A2FGELUUNOQJNL&pf_rd_p=2398042182&pf_rd_r=1YHYTH3W3GQQ2JBK6SQ8&pf_rd_s=center-1&pf_rd_t=15506&pf_rd_i=toptv&ref_=chttvtp_tt_249
250,Broad City,2014,            8.3    ,/title/tt2578560/?pf_rd_m=A2FGELUUNOQJNL&pf_rd_p=2398042182&pf_rd_r=1YHYTH3W3GQQ2JBK6SQ8&pf_rd_s=center-1&pf_rd_t=15506&pf_rd_i=toptv&ref_=chttvtp_tt_250
